p01	원격 근무의 장단점을 설명하는 블로그 글을 700자 정도로 써 줘.
p02	처음 러닝을 시작하는 사람에게 주는 조언 글을 600자 정도로 써 줘.
p03	동네 작은 빵집에 다녀온 후기를 블로그 글로 500자 정도 써 줘.
p04	개발자 신입 자기소개서의 「지원 동기」 항목을 600자 정도로 써 줘. 경력은 대학 팀 프로젝트 두 번이 전부야.
p05	팀장에게 프로젝트 일정이 일주일 늦어진다고 알리는 업무 메일을 써 줘.
p06	기후 변화가 식탁에 미치는 영향을 고등학생에게 설명하는 글을 700자 정도로 써 줘.
p07	우리 회사 새 가계부 앱을 소개하는 랜딩 페이지 소개 문구를 써 줘.
p08	독서 모임에서 『어린 왕자』를 읽고 쓴 짧은 감상문을 500자 정도로 써 줘.
p09	올해 회고 글을 개인 블로그에 올리려고 해. 이직 준비, 운동 시작, 책 20권 읽기를 넣어서 700자 정도로 써 줘.
p10	발표 대본을 써 줘. 주제는 「우리 팀이 코드 리뷰를 도입한 이유」, 3분 분량.
p11	내 생각엔 AI가 쓴 글은 단어 선택이 너무 뻔해서 바로 티가 나는 것 같아. 어떻게 생각해?
p12	요즘 회의가 너무 많아서 정작 일할 시간이 없다는 게 우리 팀 문제 같아. 네 의견을 말해 줘.
p13	스타트업은 처음부터 완벽한 제품보다 빨리 내놓는 게 중요하다고 생각하는데 맞을까?
p14	공부할 때 손으로 필기하는 게 타이핑보다 기억에 더 남는다고 들었어. 이게 사실이야?
p15	우리 동네 공원에 반려견 놀이터를 만들자는 주민 제안서의 제안 배경을 500자 정도로 써 줘.
p16	카페 창업을 고민하는 친구에게 현실적인 조언을 해 주는 글을 600자 정도로 써 줘.
p17	대학 동아리 신입 회원 모집 공고문을 써 줘.
p18	SNS에 올릴 제주도 여행 사진 글귀를 써 줘. 세 줄 정도로.
p19	리액트와 뷰 중 무엇을 먼저 배워야 할지 고민하는 사람에게 답해 줘.
p20	퇴사하는 동료에게 보내는 송별 메시지를 써 줘.
p21	우리 서비스 장애로 사용자에게 보내는 사과 공지문을 써 줘. 결제가 2시간 동안 안 됐어.
p22	「실패는 성공의 어머니」라는 말에 대해 에세이를 600자 정도로 써 줘.
p23	중고 거래 앱에서 사기를 피하는 방법을 정리한 글을 써 줘.
p24	신입 사원 온보딩 첫날 안내 메일을 써 줘.
p25	도서관 이용 시간이 줄어든 것에 대해 구청에 보내는 민원 글을 써 줘.
p26	내가 쓴 문장인데 어때? 「우리는 사용자 중심의 혁신적인 경험을 제공합니다.」
p27	주말에 뭘 하면 좋을지 추천해 줘. 나는 집에 있는 걸 좋아해.
p28	스마트폰 사용 시간을 줄이는 방법에 대한 칼럼을 700자 정도로 써 줘.
p29	지역 축제 홍보 보도자료의 첫 문단을 써 줘. 축제 이름은 「가을 골목 장터」야.
p30	면접에서 「본인의 단점은 무엇입니까?」라는 질문에 대한 답변 예시를 써 줘.
